id,nome,sobrenome,email
1,Leticia,Bengochea,lbengochea0@geocities.jp
2,Konstantin,Pedrozzi,kpedrozzi1@icq.com
3,Clemmy,Reader,creader2@altervista.org
4,Nellie,Borrill,nborrill3@hc360.com
5,Kary,Cankett,kcankett4@google.ru
6,Leroi,Trenam,ltrenam5@intel.com
7,Eben,O'Cannavan,eocannavan6@huffingtonpost.com
8,Nefen,Gaw,ngaw7@va.gov
9,Ricard,Houseley,rhouseley8@disqus.com
10,Otis,Beet,obeet9@mlb.com
11,Jacquie,Hessing,jhessinga@amazonaws.com
12,Kathryne,Horry,khorryb@washington.edu
13,Wittie,Rablin,wrablinc@elegantthemes.com
14,Taylor,Tresise,ttresised@ed.gov
15,Tabina,Gynn,tgynne@creativecommons.org
16,Arabella,Lilleman,alillemanf@ft.com
17,Laure,Blindermann,lblindermanng@indiegogo.com
18,Pauline,Ligertwood,pligertwoodh@zimbio.com
19,Ragnar,Pohlke,rpohlkei@123-reg.co.uk
20,Corabella,Bromont,cbromontj@unblog.fr
21,Hatty,Grayling,hgraylingk@meetup.com
22,Mariam,Twitching,mtwitchingl@chronoengine.com
23,Gallagher,Vasler,gvaslerm@themeforest.net
24,Rochella,Merigot,rmerigotn@cdbaby.com
25,Ashleigh,Nelligan,anelligano@usgs.gov
26,Renaud,McCory,rmccoryp@thetimes.co.uk
27,Keen,Adrian,kadrianq@hubpages.com
28,Margot,Leather,mleatherr@purevolume.com
29,Ax,McKeachie,amckeachies@indiatimes.com
30,Eldin,Fuentez,efuentezt@parallels.com
31,Laryssa,Kinge,lkingeu@smh.com.au
32,Emmit,Nyssen,enyssenv@telegraph.co.uk
33,Alisun,Tchaikovsky,atchaikovskyw@ow.ly
34,Arabela,Ricards,aricardsx@java.com
35,Dawna,McCloughlin,dmccloughliny@state.tx.us
36,Emlynne,Brechin,ebrechinz@nasa.gov
37,Halette,Djorevic,hdjorevic10@tamu.edu
38,Gorden,Howgego,ghowgego11@chronoengine.com
39,Mordecai,Siddens,msiddens12@theguardian.com
40,Cthrine,Petrenko,cpetrenko13@ycombinator.com
41,Syman,Haps,shaps14@slate.com
42,Blinnie,Vedenisov,bvedenisov15@sohu.com
43,Alia,Zelley,azelley16@github.io
44,Christiane,Jacobowitz,cjacobowitz17@live.com
45,Krystalle,Earney,kearney18@apple.com
46,Gustie,Ghirardi,gghirardi19@deliciousdays.com
47,Quinlan,Spinelli,qspinelli1a@sitemeter.com
48,Josselyn,Danne,jdanne1b@mozilla.com
49,Cirilo,Menpes,cmenpes1c@scribd.com
50,Janith,Abel,jabel1d@flavors.me